"from","item","kind"
"seed-or-ref","The Open Vault.canvas","canvas"
"The Open Vault.canvas","Arquivo/Penumbra Realizações/DracoLogos/Projetos/UniversoFusion/CyberYoga Project/γεγονός.png","asset"
"The Open Vault.canvas","Arquivo/Penumbra Realizações/DracoLogos/Logomarca/DracoLogos Cut.png","asset"
"The Open Vault.canvas","Sonosfera/Material Marketing/LOGO - SONOSFERA - APROVADA/LOGO EM CORELDRAW VERSÃO 22 - Apenas Esfera Branca.png","asset"
"The Open Vault.canvas","Sonosfera/Sonosfera.canvas","canvas-ref"
"The Open Vault.canvas","Arquivo/Penumbra Realizações/DracoLogos.canvas","canvas-ref"
"The Open Vault.canvas","Arquivo/SuperWorld Logo.png","asset"
"The Open Vault.canvas","Arquivo/Founder Haus Logo.png","asset"
"The Open Vault.canvas","Arquivo/Excalidraw/HoloIsland.md","asset"
"Arquivo/Excalidraw/HoloIsland.md","Arquivo/Ipê City.png","md-embed"
"Arquivo/Excalidraw/HoloIsland.md","Arquivo/IMT Logo.png","md-embed"
"Arquivo/Excalidraw/HoloIsland.md","Arquivo/Artcoffee paralax.png","md-embed"
"Arquivo/Excalidraw/HoloIsland.md","Arquivo/Ponte Barra Paralax.png","md-embed"
"Arquivo/Excalidraw/HoloIsland.md","Arquivo/BARRA DA LAGOA - Paralaax.png","md-embed"
"Arquivo/Excalidraw/HoloIsland.md","Arquivo/Tainha Elétrica.png","md-embed"
"Arquivo/Excalidraw/HoloIsland.md","Arquivo/Red River Camping.png","md-embed"
"Arquivo/Excalidraw/HoloIsland.md","Arquivo/Standard Logo Update 2025 - Founder Haus.png","md-embed"
"Arquivo/Excalidraw/HoloIsland.md","Arquivo/APRESENTAÇÃO FOUNDER HAUS.png","md-embed"
"Arquivo/Excalidraw/HoloIsland.md","Arquivo/CosmoHaus.png","md-embed"
"Arquivo/Excalidraw/HoloIsland.md","Arquivo/Cosmo Haus Upper View.png","md-embed"
"Arquivo/Excalidraw/HoloIsland.md","GTA VII/Portfolio Images/Astro 2.jpg","md-embed"
"Arquivo/Excalidraw/HoloIsland.md","GTA VII/Floripa Infinita.png","md-embed"
"seed-or-ref","Sonosfera\Sonosfera.canvas","canvas"
"Sonosfera\Sonosfera.canvas","Arquivo/Jehmerson.png","asset"
"Sonosfera\Sonosfera.canvas","Arquivo/Draco 3.0.png","asset"
"Sonosfera\Sonosfera.canvas","Arquivo/Sonosfera Logo.png","asset"
"Sonosfera\Sonosfera.canvas","Sonosfera/Expansão da Esfera.canvas","canvas-link"
"Sonosfera\Sonosfera.canvas","Arquivo/SoundSphere Connections.jpg","asset"
"Sonosfera\Sonosfera.canvas","Arquivo/Matheus Arch.jpg","asset"
"Sonosfera\Sonosfera.canvas","Arquivo/engStefCorrea.png","asset"
"Sonosfera\Sonosfera.canvas","Arquivo/Estrategies Maps - SoundSphere.webp","asset"
"Sonosfera\Sonosfera.canvas","Arquivo/Câmara dos Conclusos.png","asset"
"Sonosfera\Sonosfera.canvas","Arquivo/Sonosfera Sound Healing.canvas","canvas-link"
"Sonosfera\Sonosfera.canvas","Sonosfera/O Uno vibracional.png","asset"
"Sonosfera\Sonosfera.canvas","Arquivo/Árvore Exotérica.canvas","canvas-link"
"Sonosfera\Sonosfera.canvas","Arquivo/The Etherial Sound Information Tree.png","asset"
"Sonosfera\Sonosfera.canvas","Arquivo/Pesquisa e Desenvolvimento.png","asset"
"Sonosfera\Sonosfera.canvas","Arquivo/Pesquisa e Desenvolvimento.canvas","canvas-link"
"Sonosfera\Sonosfera.canvas","Quests/The Next Sonosfera Movements.md","asset"
"Sonosfera\Sonosfera.canvas","Arquivo/Área de Estudos.canvas","canvas-link"
"Sonosfera\Sonosfera.canvas","Arquivo/Acoustic Girl.png","asset"
"Sonosfera\Sonosfera.canvas","Arquivo/Founder Haus.png","asset"
"Sonosfera\Sonosfera.canvas","Arquivo/Founder Haus.canvas","canvas-link"
"Sonosfera\Sonosfera.canvas","Arquivo/Câmara dos Conclusos.canvas","canvas-ref"
"Sonosfera\Sonosfera.canvas","Arquivo/Sonosfera Overview 1.png","asset"
"Sonosfera\Sonosfera.canvas","Arquivo/Logo EAC.png","asset"
"Sonosfera\Sonosfera.canvas","Arquivo/Acoustical Engineering  1.png","asset"
"seed-or-ref","Sonosfera/Sonosfera.canvas","canvas"
"Sonosfera/Sonosfera.canvas","Arquivo/Jehmerson.png","asset"
"Sonosfera/Sonosfera.canvas","Arquivo/Draco 3.0.png","asset"
"Sonosfera/Sonosfera.canvas","Arquivo/Sonosfera Logo.png","asset"
"Sonosfera/Sonosfera.canvas","Sonosfera/Expansão da Esfera.canvas","canvas-link"
"Sonosfera/Sonosfera.canvas","Arquivo/SoundSphere Connections.jpg","asset"
"Sonosfera/Sonosfera.canvas","Arquivo/Matheus Arch.jpg","asset"
"Sonosfera/Sonosfera.canvas","Arquivo/engStefCorrea.png","asset"
"Sonosfera/Sonosfera.canvas","Arquivo/Estrategies Maps - SoundSphere.webp","asset"
"Sonosfera/Sonosfera.canvas","Arquivo/Câmara dos Conclusos.png","asset"
"Sonosfera/Sonosfera.canvas","Arquivo/Sonosfera Sound Healing.canvas","canvas-link"
"Sonosfera/Sonosfera.canvas","Sonosfera/O Uno vibracional.png","asset"
"Sonosfera/Sonosfera.canvas","Arquivo/Árvore Exotérica.canvas","canvas-link"
"Sonosfera/Sonosfera.canvas","Arquivo/The Etherial Sound Information Tree.png","asset"
"Sonosfera/Sonosfera.canvas","Arquivo/Pesquisa e Desenvolvimento.png","asset"
"Sonosfera/Sonosfera.canvas","Arquivo/Pesquisa e Desenvolvimento.canvas","canvas-link"
"Sonosfera/Sonosfera.canvas","Quests/The Next Sonosfera Movements.md","asset"
"Sonosfera/Sonosfera.canvas","Arquivo/Área de Estudos.canvas","canvas-link"
"Sonosfera/Sonosfera.canvas","Arquivo/Acoustic Girl.png","asset"
"Sonosfera/Sonosfera.canvas","Arquivo/Founder Haus.png","asset"
"Sonosfera/Sonosfera.canvas","Arquivo/Founder Haus.canvas","canvas-link"
"Sonosfera/Sonosfera.canvas","Arquivo/Câmara dos Conclusos.canvas","canvas-ref"
"Sonosfera/Sonosfera.canvas","Arquivo/Sonosfera Overview 1.png","asset"
"Sonosfera/Sonosfera.canvas","Arquivo/Logo EAC.png","asset"
"Sonosfera/Sonosfera.canvas","Arquivo/Acoustical Engineering  1.png","asset"
"seed-or-ref","Arquivo/Penumbra Realizações/DracoLogos.canvas","canvas"
"Arquivo/Penumbra Realizações/DracoLogos.canvas","Arquivo/Penumbra Realizações/Cosmo(k)haus/Cosmo(k)haus.canvas","canvas-link"
"Arquivo/Penumbra Realizações/DracoLogos.canvas","Arquivo/Matheus Fernandes.png","asset"
"Arquivo/Penumbra Realizações/DracoLogos.canvas","Arquivo/Stéfano.jpeg","asset"
"Arquivo/Penumbra Realizações/DracoLogos.canvas","Arquivo/Malhada.png","asset"
"Arquivo/Penumbra Realizações/DracoLogos.canvas","Arquivo/Penumbra Realizações/DracoLogos/A Forja.png","asset"
"Arquivo/Penumbra Realizações/DracoLogos.canvas","Philoi/Jow.jpg","asset"
"Arquivo/Penumbra Realizações/DracoLogos.canvas","Arquivo/CosmoHaus.png","asset"
"Arquivo/Penumbra Realizações/DracoLogos.canvas","Arquivo/IMT Logo.png","asset"
"Arquivo/Penumbra Realizações/DracoLogos.canvas","Arquivo/Produções Próprias.canvas","canvas-link"
"Arquivo/Penumbra Realizações/DracoLogos.canvas","Arquivo/Penumbra Realizações/A Forja Draconiana.canvas","canvas-link"
"Arquivo/Penumbra Realizações/DracoLogos.canvas","Arquivo/Penumbra Realizações/DracoLogos/Logomarca/Emblema DracoLogos.png","asset"
"Arquivo/Penumbra Realizações/DracoLogos.canvas","Arquivo/Dragão nas Nuvens.jpg","asset"
"Arquivo/Penumbra Realizações/DracoLogos.canvas","Arquivo/Cosmo Cast.png","asset"
"seed-or-ref","Sonosfera/Expansão da Esfera.canvas","canvas"
"Sonosfera/Expansão da Esfera.canvas","Arquivo/SoundSphere Connections.jpg","asset"
"Sonosfera/Expansão da Esfera.canvas","Arquivo/SOBRAC SC -  10.10.png","asset"
"Sonosfera/Expansão da Esfera.canvas","Arquivo/Brazil.png","asset"
"Sonosfera/Expansão da Esfera.canvas","Arquivo/Network States.png","asset"
"Sonosfera/Expansão da Esfera.canvas","Arquivo/Gerenciamento Redes Sociais.canvas","canvas-ref"
"Sonosfera/Expansão da Esfera.canvas","Arquivo/VEO Projectios.canvas","canvas-ref"
"Sonosfera/Expansão da Esfera.canvas","Arquivo/Torre de Ressonância.png","asset"
"Sonosfera/Expansão da Esfera.canvas","Arquivo/Sonosfera-Ista_Portfolio.canvas","canvas-ref"
"Sonosfera/Expansão da Esfera.canvas","Arcana/Sonosfera Acoustics and Architecture Portfolio - English.pdf","asset"
"seed-or-ref","Arquivo/Sonosfera Sound Healing.canvas","canvas"
"Arquivo/Sonosfera Sound Healing.canvas","Sonosfera/O Uno vibracional.png","asset"
"Arquivo/Sonosfera Sound Healing.canvas","Sonosfera/Sound Vision.pdf","asset"
"Arquivo/Sonosfera Sound Healing.canvas","Arquivo/Ecosystem Regen with Acoustic Data.png","asset"
"seed-or-ref","Arquivo/Árvore Exotérica.canvas","canvas"
"seed-or-ref","Arquivo/Pesquisa e Desenvolvimento.canvas","canvas"
"Arquivo/Pesquisa e Desenvolvimento.canvas","Arquivo/MEMS Microphone.png","asset"
"Arquivo/Pesquisa e Desenvolvimento.canvas","Arquivo/Cabeça Artificial.png","asset"
"Arquivo/Pesquisa e Desenvolvimento.canvas","Arquivo/EAC 5.png","asset"
"Arquivo/Pesquisa e Desenvolvimento.canvas","Arquivo/Logos/iSimpa Logo.png","asset"
"Arquivo/Pesquisa e Desenvolvimento.canvas","Arquivo/Logos/SketchUp Logo.png","asset"
"Arquivo/Pesquisa e Desenvolvimento.canvas","Arquivo/REW Logo.png","asset"
"Arquivo/Pesquisa e Desenvolvimento.canvas","Arquivo/Ogma.png","asset"
"Arquivo/Pesquisa e Desenvolvimento.canvas","Arquivo/insul screen 1.png","asset"
"Arquivo/Pesquisa e Desenvolvimento.canvas","RT60_Booth Right_to_Booth  center.txt","asset"
"Arquivo/Pesquisa e Desenvolvimento.canvas","Arquivo/Algoritmos iSimpa desenvolvidos pela Sonosfera.md","asset"
"Arquivo/Pesquisa e Desenvolvimento.canvas","Arquivo/insitu3.png","asset"
"Arquivo/Pesquisa e Desenvolvimento.canvas","Arquivo/GMSH Logo.png","asset"
"seed-or-ref","Arquivo/Área de Estudos.canvas","canvas"
"Arquivo/Área de Estudos.canvas","Arquivo/Pasted image 20250324205728.png","asset"
"Arquivo/Área de Estudos.canvas","Arquivo/Prof. Eric - Youtube channel.png","asset"
"Arquivo/Área de Estudos.canvas","Arquivo/Logo EAC.png","asset"
"Arquivo/Área de Estudos.canvas","Arquivo/Layout de Estúdio.png","asset"
"Arquivo/Área de Estudos.canvas","Arquivo/Modos Acústicos.png","asset"
"Arquivo/Área de Estudos.canvas","Arquivo/Pasted image 20250324205807.png","asset"
"Arquivo/Área de Estudos.canvas","Arquivo/TR Ideal - Estúdios.jpg","asset"
"Arquivo/Área de Estudos.canvas","Arquivo/Pasted image 20250324205943.png","asset"
"Arquivo/Área de Estudos.canvas","Arquivo/TR Ideal - Tipo de Sala.png","asset"
"Arquivo/Área de Estudos.canvas","Arquivo/Pasted image 20250324210044.png","asset"
"seed-or-ref","Arquivo/Founder Haus.canvas","canvas"
"Arquivo/Founder Haus.canvas","Sonosfera/Founder Haus - Auralization.mp4","asset"
"Arquivo/Founder Haus.canvas","Arquivo/Mesa Arcanos - Founder Haus.png","asset"
"Arquivo/Founder Haus.canvas","Arquivo/Founder Haus.png","asset"
"Arquivo/Founder Haus.canvas","Arquivo/Ipê Poster.png","asset"
"Arquivo/Founder Haus.canvas","Arquivo/APRESENTAÇÃO FOUNDER HAUS.pdf","asset"
"Arquivo/Founder Haus.canvas","Arquivo/Ipê City.png","asset"
"Arquivo/Founder Haus.canvas","Sonosfera/Ipê Village.canvas","canvas-ref"
"seed-or-ref","Arquivo/Câmara dos Conclusos.canvas","canvas"
"Arquivo/Câmara dos Conclusos.canvas","Arquivo/TSE Paraná.jpg","asset"
"Arquivo/Câmara dos Conclusos.canvas","Arquivo/Bosnia Church.png","asset"
"Arquivo/Câmara dos Conclusos.canvas","Sonosfera/Ipê Village.canvas","canvas-link"
"Arquivo/Câmara dos Conclusos.canvas","Arquivo/Câmara dos Conclusos.png","asset"
"Arquivo/Câmara dos Conclusos.canvas","Arquivo/Mapa Mundi - Sonosfera.png","asset"
"Arquivo/Câmara dos Conclusos.canvas","Arquivo/Sonosfera 7.png","asset"
"Arquivo/Câmara dos Conclusos.canvas","Arquivo/The Penthouse sphaira field projection 1.png","asset"
"Arquivo/Câmara dos Conclusos.canvas","Arquivo/005-25-Village Inn Plaza.png","asset"
"Arquivo/Câmara dos Conclusos.canvas","Arcana/Sonosfera Acoustics and Architecture Portfolio - English.pdf","asset"
"Arquivo/Câmara dos Conclusos.canvas","Arquivo/Ipê City.png","asset"
"Arquivo/Câmara dos Conclusos.canvas","Arquivo/006-25-3D Map Preview.png","asset"
"seed-or-ref","Arquivo/Penumbra Realizações/Cosmo(k)haus/Cosmo(k)haus.canvas","canvas"
"Arquivo/Penumbra Realizações/Cosmo(k)haus/Cosmo(k)haus.canvas","Arquivo/A Casa de Deus 1.png","asset"
"seed-or-ref","Arquivo/Produções Próprias.canvas","canvas"
"Arquivo/Produções Próprias.canvas","Arquivo/Le Mat 1.png","asset"
"Arquivo/Produções Próprias.canvas","Arquivo/139, 0, 0.png","asset"
"Arquivo/Produções Próprias.canvas","Arquivo/De Encontro ao Mar.png","asset"
"Arquivo/Produções Próprias.canvas","Arquivo/A Casa de Deus.png","asset"
"Arquivo/Produções Próprias.canvas","Arquivo/Além do Mais.png","asset"
"Arquivo/Produções Próprias.canvas","Arquivo/Tatu.png","asset"
"Arquivo/Produções Próprias.canvas","Arquivo/IMT Arts (1).png","asset"
"Arquivo/Produções Próprias.canvas","Arquivo/IMT Arts (2).png","asset"
"Arquivo/Produções Próprias.canvas","Arquivo/IMT Arts (3).png","asset"
"Arquivo/Produções Próprias.canvas","Arquivo/255, 215, 0.png","asset"
"Arquivo/Produções Próprias.canvas","Arquivo/Elektro Playlist Comes to Life.mp4","asset"
"seed-or-ref","Arquivo/Penumbra Realizações/A Forja Draconiana.canvas","canvas"
"Arquivo/Penumbra Realizações/A Forja Draconiana.canvas","Arquivo/Penumbra Realizações/DracoLogos/Imaginatos.png","asset"
"Arquivo/Penumbra Realizações/A Forja Draconiana.canvas","Arquivo/Pasted image 20240923125700.png","asset"
"Arquivo/Penumbra Realizações/A Forja Draconiana.canvas","Arquivo/Penumbra Realizações/DracoLogos/A Forja.png","asset"
"Arquivo/Penumbra Realizações/A Forja Draconiana.canvas","Arquivo/Obsidian Wizard.png","asset"
"Arquivo/Penumbra Realizações/A Forja Draconiana.canvas","GTA VII/Obsidia.png","asset"
"seed-or-ref","Arquivo/Gerenciamento Redes Sociais.canvas","canvas"
"Arquivo/Gerenciamento Redes Sociais.canvas","Ipe Village/Youtube Logo 1.png","asset"
"Arquivo/Gerenciamento Redes Sociais.canvas","Arquivo/Torre de Ressonância.png","asset"
"Arquivo/Gerenciamento Redes Sociais.canvas","Arquivo/Pinterest-logo.png","asset"
"Arquivo/Gerenciamento Redes Sociais.canvas","Arquivo/Penumbra Realizações/Camping Rio Vermelho/Instagram Logo.png","asset"
"Arquivo/Gerenciamento Redes Sociais.canvas","Arquivo/LinkedIn Logo.png","asset"
"Arquivo/Gerenciamento Redes Sociais.canvas","Arquivo/SONOSFERA INSTITUCIONAL.mp4","asset"
"Arquivo/Gerenciamento Redes Sociais.canvas","Ancestralidade/Youtube Sonosfera.png","asset"
"Arquivo/Gerenciamento Redes Sociais.canvas","Arquivo/Facebook Logo.png","asset"
"seed-or-ref","Arquivo/VEO Projectios.canvas","canvas"
"Arquivo/VEO Projectios.canvas","Arquivo/Sonosfera Chamber Main.png","asset"
"Arquivo/VEO Projectios.canvas","Arquivo/Sphere Obsidian.png","asset"
"Arquivo/VEO Projectios.canvas","Arquivo/spheric tv.png","asset"
"Arquivo/VEO Projectios.canvas","Arquivo/Nano Banana.png","asset"
"Arquivo/VEO Projectios.canvas","Arquivo/VEO Logo.png","asset"
"Arquivo/VEO Projectios.canvas","Arquivo/Sonosfera Light Sphere.png","asset"
"Arquivo/VEO Projectios.canvas","Arquivo/Sonosfera Darkroom.png","asset"
"Arquivo/VEO Projectios.canvas","Arquivo/Sonosfera Darkroom 2.png","asset"
"Arquivo/VEO Projectios.canvas","Arquivo/Sphere's Room.jpeg","asset"
"seed-or-ref","Arquivo/Sonosfera-Ista_Portfolio.canvas","canvas"
"Arquivo/Sonosfera-Ista_Portfolio.canvas","Arquivo/mapa sonoro 1.png","asset"
"Arquivo/Sonosfera-Ista_Portfolio.canvas","Arquivo/mapa sonoro 2.png","asset"
"Arquivo/Sonosfera-Ista_Portfolio.canvas","Sonosfera/Material Marketing/Publicações Instagram/Video sobre o Podcast/Sonosfera 6.png","asset"
"Arquivo/Sonosfera-Ista_Portfolio.canvas","Arquivo/Sonosfera4.png","asset"
"Arquivo/Sonosfera-Ista_Portfolio.canvas","Arquivo/Sonosfera 3.png","asset"
"Arquivo/Sonosfera-Ista_Portfolio.canvas","Arquivo/EAC 1.png","asset"
"Arquivo/Sonosfera-Ista_Portfolio.canvas","Arquivo/EAC 7.png","asset"
"Arquivo/Sonosfera-Ista_Portfolio.canvas","Arquivo/EAC 2.png","asset"
"Arquivo/Sonosfera-Ista_Portfolio.canvas","Arquivo/EAC 3.png","asset"
"Arquivo/Sonosfera-Ista_Portfolio.canvas","Arquivo/EAC 4.png","asset"
"Arquivo/Sonosfera-Ista_Portfolio.canvas","Arquivo/UpWork Logo.png","asset"
"Arquivo/Sonosfera-Ista_Portfolio.canvas","Arquivo/Pasted image 20241207163734.png","asset"
"Arquivo/Sonosfera-Ista_Portfolio.canvas","Arquivo/Estagio 3.png","asset"
"Arquivo/Sonosfera-Ista_Portfolio.canvas","Arquivo/insitu3.png","asset"
"Arquivo/Sonosfera-Ista_Portfolio.canvas","Arquivo/Sonosfera 9.png","asset"
"Arquivo/Sonosfera-Ista_Portfolio.canvas","Arquivo/Marca_-_sem_fundo.png","asset"
"Arquivo/Sonosfera-Ista_Portfolio.canvas","Arquivo/Sonosfera 2.png","asset"
"Arquivo/Sonosfera-Ista_Portfolio.canvas","Arquivo/EAC 11.png","asset"
"Arquivo/Sonosfera-Ista_Portfolio.canvas","Arquivo/EAC 9.png","asset"
"Arquivo/Sonosfera-Ista_Portfolio.canvas","Arquivo/EAC 8.png","asset"
"Arquivo/Sonosfera-Ista_Portfolio.canvas","Arquivo/Logos/Excel Logo.png","asset"
"Arquivo/Sonosfera-Ista_Portfolio.canvas","Arquivo/Logos/inoise logo.png","asset"
"Arquivo/Sonosfera-Ista_Portfolio.canvas","GTA VII/Obsidia.png","asset"
"Arquivo/Sonosfera-Ista_Portfolio.canvas","Arquivo/Sonosfera 8.png","asset"
"Arquivo/Sonosfera-Ista_Portfolio.canvas","Arquivo/Sonosfera 10.png","asset"
"Arquivo/Sonosfera-Ista_Portfolio.canvas","Arquivo/INSUL Logo.png","asset"
"Arquivo/Sonosfera-Ista_Portfolio.canvas","Arquivo/Logos/SketchUp Logo.png","asset"
"Arquivo/Sonosfera-Ista_Portfolio.canvas","Arquivo/EAC 6 - Rematerializada.png","asset"
"Arquivo/Sonosfera-Ista_Portfolio.canvas","Arquivo/camara_1.jpg","asset"
"Arquivo/Sonosfera-Ista_Portfolio.canvas","Arquivo/intrument_mesa.jpg","asset"
"Arquivo/Sonosfera-Ista_Portfolio.canvas","Arquivo/EAC 5.png","asset"
"Arquivo/Sonosfera-Ista_Portfolio.canvas","Arquivo/EAC 5.png","asset"
"Arquivo/Sonosfera-Ista_Portfolio.canvas","Arquivo/Logos/Latex Logo.png","asset"
"Arquivo/Sonosfera-Ista_Portfolio.canvas","Arquivo/Logos/iSimpa Logo.png","asset"
"Arquivo/Sonosfera-Ista_Portfolio.canvas","Arquivo/Logos/Matlab_Logo.png","asset"
"Arquivo/Sonosfera-Ista_Portfolio.canvas","Arquivo/Logos/Autocad Logo.png","asset"
"Arquivo/Sonosfera-Ista_Portfolio.canvas","Arquivo/Logos/logo-python-512.png","asset"
"Arquivo/Sonosfera-Ista_Portfolio.canvas","Arquivo/Pasted image 20250614180346.png","asset"
"Arquivo/Sonosfera-Ista_Portfolio.canvas","Arquivo/Logos/SketchUp Logo.png","asset"
"Arquivo/Sonosfera-Ista_Portfolio.canvas","Arquivo/Revit Logo.png","asset"
"Arquivo/Sonosfera-Ista_Portfolio.canvas","Arquivo/Enscape Logo.png","asset"
"Arquivo/Sonosfera-Ista_Portfolio.canvas","Arquivo/Layout Logo.png","asset"
"Arquivo/Sonosfera-Ista_Portfolio.canvas","Arquivo/Photoshop Logo.png","asset"
"Arquivo/Sonosfera-Ista_Portfolio.canvas","Arquivo/Logos/Autocad Logo.png","asset"
"Arquivo/Sonosfera-Ista_Portfolio.canvas","Arquivo/Lumion Logo.png","asset"
"Arquivo/Sonosfera-Ista_Portfolio.canvas","Arquivo/Sonosfera 11.png","asset"
"Arquivo/Sonosfera-Ista_Portfolio.canvas","Arquivo/The Penthouse sphaira field projection.png","asset"
"Arquivo/Sonosfera-Ista_Portfolio.canvas","Sonosfera/Parceria com Arquiteto Matheus/Residencial/cadtec2.png","asset"
"Arquivo/Sonosfera-Ista_Portfolio.canvas","Sonosfera/Parceria com Arquiteto Matheus/Comercial/comerc.jpg","asset"
"Arquivo/Sonosfera-Ista_Portfolio.canvas","Sonosfera/Parceria com Arquiteto Matheus/Office/office6.jpg","asset"
"Arquivo/Sonosfera-Ista_Portfolio.canvas","Sonosfera/Parceria com Arquiteto Matheus/Residencial/cadtec.png","asset"
"Arquivo/Sonosfera-Ista_Portfolio.canvas","Sonosfera/Parceria com Arquiteto Matheus/Comercial/living3.png","asset"
"Arquivo/Sonosfera-Ista_Portfolio.canvas","Arquivo/Sonosfera 7.png","asset"
"seed-or-ref","Sonosfera/Ipê Village.canvas","canvas"
"Sonosfera/Ipê Village.canvas","Arquivo/Ipê Explorer Path.canvas","canvas-ref"
"Sonosfera/Ipê Village.canvas","GTA VII/Ipe Village/Ipê Goals.md","asset"
"Sonosfera/Ipê Village.canvas","Arquivo/Hub  Totem Logo.png","asset"
"Sonosfera/Ipê Village.canvas","GTA VII/Ipe Village/Explorer Path.png","asset"
"Sonosfera/Ipê Village.canvas","Arquivo/Ipê City.png","asset"
"Sonosfera/Ipê Village.canvas","Arquivo/DracoLogos Cut.png","asset"
"Sonosfera/Ipê Village.canvas","Sonosfera/Material Marketing/LOGO - SONOSFERA - APROVADA/LOGO EM CORELDRAW VERSÃO 22 - Apenas Esfera Branca.png","asset"
"Sonosfera/Ipê Village.canvas","Arquivo/Clippings/Home  IPÊ City.md","asset"
"Sonosfera/Ipê Village.canvas","Arquivo/Ipê Architect Path.canvas","canvas-ref"
"Sonosfera/Ipê Village.canvas","Arquivo/Ipê Poster.png","asset"
"Sonosfera/Ipê Village.canvas","GTA VII/Ipe Village/Architect Path.png","asset"
"seed-or-ref","Arquivo/Ipê Explorer Path.canvas","canvas"
"Arquivo/Ipê Explorer Path.canvas","Arquivo/Ágora.canvas","canvas-link"
"Arquivo/Ipê Explorer Path.canvas","Arquivo/comumunity.png","asset"
"Arquivo/Ipê Explorer Path.canvas","GTA VII/Ipe Village/Themes and Topics.canvas","canvas-link"
"Arquivo/Ipê Explorer Path.canvas","Arquivo/Tainha Elétrica.png","asset"
"seed-or-ref","Arquivo/Ipê Architect Path.canvas","canvas"
"Arquivo/Ipê Architect Path.canvas","Arquivo/Curso Método Natural.png","asset"
"Arquivo/Ipê Architect Path.canvas","Arquivo/Drive Logo.png","asset"
"Arquivo/Ipê Architect Path.canvas","GTA VII/Ipe Village/Youtube Logo 1.png","asset"
"Arquivo/Ipê Architect Path.canvas","GTA VII/Ipe Village/The Great Network Graph.png","asset"
"Arquivo/Ipê Architect Path.canvas","Arquivo/Cosmo Cast.png","asset"
"Arquivo/Ipê Architect Path.canvas","Arcana/CyberShaman.png","asset"
"Arquivo/Ipê Architect Path.canvas","Arquivo/Ipê Staff Stuff.canvas","canvas-ref"
"Arquivo/Ipê Architect Path.canvas","Arquivo/Penumbra Realizações/DracoLogos/Projetos/ArtCoffee/Logo ArtCoffee.png","asset"
"Arquivo/Ipê Architect Path.canvas","Arquivo/BARRA DA LAGOA - Paralaax.png","asset"
"Arquivo/Ipê Architect Path.canvas","Arquivo/Barra da Lagoa 1.png","asset"
"Arquivo/Ipê Architect Path.canvas","Arquivo/μυθον.png","asset"
"Arquivo/Ipê Architect Path.canvas","Arcana/Time Frequency.png","asset"
"Arquivo/Ipê Architect Path.canvas","Arquivo/acoustics dao.png","asset"
"Arquivo/Ipê Architect Path.canvas","Arquivo/Ipê Mind Structure.canvas","canvas-ref"
"Arquivo/Ipê Architect Path.canvas","GTA VII/Ipe Village/Acoustical Governance.canvas","canvas-link"
"Arquivo/Ipê Architect Path.canvas","Arquivo/IMT.png","asset"
"Arquivo/Ipê Architect Path.canvas","GTA VII/Ipe Village/Architect Path.png","asset"
"Arquivo/Ipê Architect Path.canvas","Arquivo/First view of Ipê Mind.png","asset"
"Arquivo/Ipê Architect Path.canvas","Arquivo/Penumbra Realizações/DracoLogos/Logomarca/DracoLogos Cut.png","asset"
"Arquivo/Ipê Architect Path.canvas","Arquivo/Unconference Day.canvas","canvas-ref"
"seed-or-ref","Arquivo/Ágora.canvas","canvas"
"Arquivo/Ágora.canvas","GTA VII/Ipe Village/Pronomos Capital.md","asset"
"Arquivo/Ágora.canvas","GTA VII/Ipe Village/Patri Friedman.md","asset"
"Arquivo/Ágora.canvas","GTA VII/Ipe Village/Michel Bauwens.md","asset"
"Arquivo/Ágora.canvas","GTA VII/Ipe Village/Niklas Anzinger.md","asset"
"Arquivo/Ágora.canvas","Arquivo/ágora - old.canvas","canvas-ref"
"Arquivo/Ágora.canvas","Arquivo/Clippings/The Network School.md","asset"
"Arquivo/Ágora.canvas","GTA VII/Ipe Village/Balaji Srinivasan.md","asset"
"Arquivo/Ágora.canvas","Arquivo/Clippings/RAADcity.md","asset"
"Arquivo/Ágora.canvas","CosmoCast 3 - transcricao.txt","asset"
"Arquivo/Ágora.canvas","GTA VII/Ipe Village/Erick A. Brimen.md","asset"
"Arquivo/Ágora.canvas","GTA VII/Ipe Village/Kelvin Steiner.md","asset"
"Arquivo/Ágora.canvas","Arquivo/Clippings/Próspera.md","asset"
"Arquivo/Ágora.canvas","GTA VII/Ipe Village/Rafa Castaneda.md","asset"
"Arquivo/Ágora.canvas","GTA VII/Ipe Village/Magatte Wade.md","asset"
"Arquivo/Ágora.canvas","GTA VII/Ipe Village/Hugo Mathecowitsch.md","asset"
"Arquivo/Ágora.canvas","GTA VII/Ipe Village/LEV Foundation.md","asset"
"Arquivo/Ágora.canvas","GTA VII/Ipe Village/Dr. Aubrey De Grey.md","asset"
"Arquivo/Ágora.canvas","GTA VII/Ipe Village/Jordan Hall.md","asset"
"Arquivo/Ágora.canvas","Arquivo/Clippings/Tools for the commons.md","asset"
"Arquivo/Ágora.canvas","GTA VII/Ipe Village/Dean Pappas.md","asset"
"Arquivo/Ágora.canvas","Arquivo/Clippings/Realms Today.md","asset"
"seed-or-ref","GTA VII/Ipe Village/Themes and Topics.canvas","canvas"
"GTA VII/Ipe Village/Themes and Topics.canvas","GTA VII/Ipe Village/The Network State 1.pdf","asset"
"GTA VII/Ipe Village/Themes and Topics.canvas","GTA VII/Ipe Village/Adhocracy.md","asset"
"GTA VII/Ipe Village/Themes and Topics.canvas","Arquivo/BrazilTechDiaspora_EN_Endeavor.pdf","asset"
"GTA VII/Ipe Village/Themes and Topics.canvas","Arquivo/mycofi.pdf","asset"
"GTA VII/Ipe Village/Themes and Topics.canvas","Arquivo/Network State 101.canvas","canvas-ref"
"GTA VII/Ipe Village/Themes and Topics.canvas","Arquivo/Network Societies Type.png","asset"
"seed-or-ref","Arquivo/Ipê Staff Stuff.canvas","canvas"
"seed-or-ref","Arquivo/Ipê Mind Structure.canvas","canvas"
"Arquivo/Ipê Mind Structure.canvas","GTA VII/Obsidia.png","asset"
"Arquivo/Ipê Mind Structure.canvas","Arquivo/IMT Logo.png","asset"
"Arquivo/Ipê Mind Structure.canvas","Arquivo/Unconference Day.png","asset"
"Arquivo/Ipê Mind Structure.canvas","Arquivo/IMT website QRCode.png","asset"
"Arquivo/Ipê Mind Structure.canvas","Arquivo/comumunity.png","asset"
"Arquivo/Ipê Mind Structure.canvas","Arquivo/RAG.png","asset"
"Arquivo/Ipê Mind Structure.canvas","Arquivo/Personal 2nd brain.png","asset"
"Arquivo/Ipê Mind Structure.canvas","Arquivo/Ágora.canvas","canvas-link"
"Arquivo/Ipê Mind Structure.canvas","GTA VII/Ipe Village/Themes and Topics.canvas","canvas-link"
"Arquivo/Ipê Mind Structure.canvas","Arquivo/Penumbra Realizações/The Ipê VideoGame Experience.canvas","canvas-ref"
"Arquivo/Ipê Mind Structure.canvas","GTA VII/Ipe Village/The Great Network Graph.png","asset"
"Arquivo/Ipê Mind Structure.canvas","Arquivo/WisdomGrid.md","asset"
"Arquivo/Ipê Mind Structure.canvas","ideas 1.csv","asset"
"Arquivo/Ipê Mind Structure.canvas","Arquivo/obsidian import format error.png","asset"
"Arquivo/Ipê Mind Structure.canvas","Arquivo/Graph view 2.png","asset"
"Arquivo/Ipê Mind Structure.canvas","Arquivo/Penumbra Realizações/IMT Logo.png","asset"
"Arquivo/Ipê Mind Structure.canvas","Arquivo/graph view 1.png","asset"
"Arquivo/Ipê Mind Structure.canvas","Arquivo/Excalidraw/Visões de Árvores Mentais.md","asset"
"Arquivo/Excalidraw/Visões de Árvores Mentais.md","Arquivo/Pasted Image 20250604234221_653 1.png","md-embed"
"Arquivo/Ipê Mind Structure.canvas","Arquivo/Replit Logo.png","asset"
"Arquivo/Ipê Mind Structure.canvas","Arquivo/IMT - Presentation Video.png","asset"
"Arquivo/Ipê Mind Structure.canvas","Arquivo/Louco Agente n8n workflow.png","asset"
"Arquivo/Ipê Mind Structure.canvas","Arquivo/Notion_app_logo.png","asset"
"Arquivo/Ipê Mind Structure.canvas","Arquivo/Telegram_logo.svg.png","asset"
"Arquivo/Ipê Mind Structure.canvas","Arquivo/LeMat Projections.png","asset"
"Arquivo/Ipê Mind Structure.canvas","Arquivo/n8n Logo.png","asset"
"Arquivo/Ipê Mind Structure.canvas","Arquivo/X Logo.png","asset"
"Arquivo/Ipê Mind Structure.canvas","Arquivo/Penumbra Realizações/Camping Rio Vermelho/Instagram Logo.png","asset"
"Arquivo/Ipê Mind Structure.canvas","Arquivo/Ipê City.png","asset"
"Arquivo/Ipê Mind Structure.canvas","Arquivo/IMT.png","asset"
"Arquivo/Ipê Mind Structure.canvas","Arquivo/LinkedIn Logo.png","asset"
"Arquivo/Ipê Mind Structure.canvas","Arquivo/Penumbra Realizações/IMT Goals.md","asset"
"Arquivo/Ipê Mind Structure.canvas","Arquivo/db recreate 1.png","asset"
"Arquivo/Ipê Mind Structure.canvas","Arquivo/db recreate 2.png","asset"
"Arquivo/Ipê Mind Structure.canvas","Arquivo/db recreate 3.png","asset"
"Arquivo/Ipê Mind Structure.canvas","Arquivo/quem é lilialmeida3113.png","asset"
"Arquivo/Ipê Mind Structure.canvas","gemini.ts","asset"
"Arquivo/Ipê Mind Structure.canvas","rag-service.ts","asset"
"Arquivo/Ipê Mind Structure.canvas","GTA VII/Obsidia.png","asset"
"Arquivo/Ipê Mind Structure.canvas","Arquivo/clickup projects.png","asset"
"Arquivo/Ipê Mind Structure.canvas","ipe_projs_clickup 1.csv","asset"
"Arquivo/Ipê Mind Structure.canvas","llm-context.ts","asset"
"seed-or-ref","GTA VII/Ipe Village/Acoustical Governance.canvas","canvas"
"GTA VII/Ipe Village/Acoustical Governance.canvas","GTA VII/Obsidia.png","asset"
"GTA VII/Ipe Village/Acoustical Governance.canvas","Arquivo/Torre de Ressonância_fromCanvas.md","asset"
"Arquivo/Torre de Ressonância_fromCanvas.md","Arquivo/Torre de Ressonância_canvas2doc-data/newdoc-node_382ab6e83eda6d2c_fromCanvas.md","md-embed"
"Arquivo/Torre de Ressonância_fromCanvas.md","Arquivo/Torre de Ressonância_canvas2doc-data/newdoc-node_e9006ce4181bc007_fromCanvas.md","md-embed"
"Arquivo/Torre de Ressonância_fromCanvas.md","Arquivo/Torre de Ressonância_canvas2doc-data/newdoc-node_9f90135a95f0c6cd_fromCanvas.md","md-embed"
"Arquivo/Torre de Ressonância_fromCanvas.md","Arquivo/Torre de Ressonância_canvas2doc-data/newdoc-node_e4cbd7ac95679fb8_fromCanvas.md","md-embed"
"Arquivo/Torre de Ressonância_fromCanvas.md","Arquivo/Second Brain.png","md-embed"
"Arquivo/Torre de Ressonância_fromCanvas.md","Arquivo/Torre de Ressonância_canvas2doc-data/newdoc-node_ee99720dca86bd04_fromCanvas.md","md-embed"
"Arquivo/Torre de Ressonância_fromCanvas.md","Arquivo/Torre de Ressonância_canvas2doc-data/newdoc-node_2a0d41d5237a3f3a_fromCanvas.md","md-embed"
"Arquivo/Torre de Ressonância_fromCanvas.md","Arquivo/Torre de Ressonância_canvas2doc-data/newdoc-node_cdddd69437add6ac_fromCanvas.md","md-embed"
"Arquivo/Torre de Ressonância_fromCanvas.md","GTA VII/Obsidia.png","md-embed"
"Arquivo/Torre de Ressonância_fromCanvas.md","Arquivo/Torre de Ressonância_canvas2doc-data/newdoc-node_1b39fe7ee32330a5_fromCanvas.md","md-embed"
"Arquivo/Torre de Ressonância_fromCanvas.md","Arquivo/Torre de Ressonância_canvas2doc-data/newdoc-node_6164543a9130502e_fromCanvas.md","md-embed"
"Arquivo/Torre de Ressonância_fromCanvas.md","Arquivo/Torre de Ressonância_canvas2doc-data/newdoc-node_4b0c0c2ce36a9fd1_fromCanvas.md","md-embed"
"Arquivo/Torre de Ressonância_fromCanvas.md","Arquivo/Torre de Ressonância_canvas2doc-data/newdoc-node_c06f77ada0d652b0_fromCanvas.md","md-embed"
"Arquivo/Torre de Ressonância_fromCanvas.md","Arquivo/Torre de Ressonância_canvas2doc-data/newdoc-node_9410194cde62192b_fromCanvas.md","md-embed"
"Arquivo/Torre de Ressonância_fromCanvas.md","Arquivo/Torre de Ressonância_canvas2doc-data/newdoc-node_dfd97b51da84c801_fromCanvas.md","md-embed"
"Arquivo/Torre de Ressonância_fromCanvas.md","Arquivo/Torre de Ressonância_canvas2doc-data/newdoc-node_ca27cc37a2f64cd6_fromCanvas.md","md-embed"
"Arquivo/Torre de Ressonância_fromCanvas.md","Arquivo/Bitcoin-Logo.png","md-embed"
"Arquivo/Torre de Ressonância_fromCanvas.md","Arquivo/Torre de Ressonância_canvas2doc-data/newdoc-node_dbdf2b844a1e51dd_fromCanvas.md","md-embed"
"Arquivo/Torre de Ressonância_fromCanvas.md","Arquivo/Torre de Ressonância_canvas2doc-data/newdoc-node_b6858c33a3b73c85_fromCanvas.md","md-embed"
"Arquivo/Torre de Ressonância_fromCanvas.md","Arquivo/Torre de Ressonância_canvas2doc-data/newdoc-node_27b8ef2e92a2e9ad_fromCanvas.md","md-embed"
"Arquivo/Torre de Ressonância_fromCanvas.md","Arquivo/Torre de Ressonância_canvas2doc-data/newdoc-node_00e4c130af01e8a4_fromCanvas.md","md-embed"
"Arquivo/Torre de Ressonância_fromCanvas.md","Arquivo/Torre de Ressonância_canvas2doc-data/newdoc-node_8f69a3a0f3bcfc09_fromCanvas.md","md-embed"
"Arquivo/Torre de Ressonância_fromCanvas.md","Arquivo/Torre de Ressonância.png","md-embed"
"Arquivo/Torre de Ressonância_fromCanvas.md","Arquivo/row-1-column-1.png","md-embed"
"Arquivo/Torre de Ressonância_fromCanvas.md","Arquivo/Torre de Ressonância_canvas2doc-data/newdoc-node_46c6ca1a9efdc378_fromCanvas.md","md-embed"
"Arquivo/Torre de Ressonância_fromCanvas.md","Arquivo/Torre de Ressonância_canvas2doc-data/newdoc-node_a7f0d7ecfe9dfff0_fromCanvas.md","md-embed"
"Arquivo/Torre de Ressonância_fromCanvas.md","Arquivo/Torre de Ressonância_canvas2doc-data/newdoc-node_baddf0196256294d_fromCanvas.md","md-embed"
"Arquivo/Torre de Ressonância_fromCanvas.md","Arquivo/Torre de Ressonância_canvas2doc-data/newdoc-node_b9ff9d6d7d2bcb4c_fromCanvas.md","md-embed"
"Arquivo/Torre de Ressonância_fromCanvas.md","Arquivo/Torre de Ressonância_canvas2doc-data/newdoc-node_de3229deb62a70ee_fromCanvas.md","md-embed"
"Arquivo/Torre de Ressonância_fromCanvas.md","Arquivo/Torre de Ressonância_canvas2doc-data/newdoc-node_d9800e828bfbecb5_fromCanvas.md","md-embed"
"Arquivo/Torre de Ressonância_fromCanvas.md","Arquivo/Torre de Ressonância_canvas2doc-data/newdoc-node_23d86077acd1ce01_fromCanvas.md","md-embed"
"Arquivo/Torre de Ressonância_fromCanvas.md","Arquivo/Torre de Ressonância_canvas2doc-data/newdoc-node_1b15f8dda16879a5_fromCanvas.md","md-embed"
"Arquivo/Torre de Ressonância_fromCanvas.md","Arquivo/Torre de Ressonância_canvas2doc-data/newdoc-node_37862564b6672b12_fromCanvas.md","md-embed"
"Arquivo/Torre de Ressonância_fromCanvas.md","Arquivo/Torre de Ressonância_canvas2doc-data/newdoc-node_43987107cbcfd9b2_fromCanvas.md","md-embed"
"Arquivo/Torre de Ressonância_fromCanvas.md","Arquivo/Torre de Ressonância_canvas2doc-data/newdoc-node_cda533a057cfd83d_fromCanvas.md","md-embed"
"Arquivo/Torre de Ressonância_fromCanvas.md","Arquivo/Torre de Ressonância_canvas2doc-data/newdoc-node_7c15cbd5a8d27cf7_fromCanvas.md","md-embed"
"Arquivo/Torre de Ressonância_fromCanvas.md","Arquivo/Maps Data Scrape.png","md-embed"
"Arquivo/Torre de Ressonância_fromCanvas.md","Arquivo/Pasted image 20250303212752.png","md-embed"
"Arquivo/Torre de Ressonância_fromCanvas.md","Arquivo/Brevo Logo.png","md-embed"
"Arquivo/Torre de Ressonância_fromCanvas.md","Arquivo/Torre de Ressonância_canvas2doc-data/newdoc-node_40c72b67aa0aa88b_fromCanvas.md","md-embed"
"Arquivo/Torre de Ressonância_fromCanvas.md","Arquivo/Torre de Ressonância_canvas2doc-data/newdoc-node_5904beb8a654d152_fromCanvas.md","md-embed"
"Arquivo/Torre de Ressonância_fromCanvas.md","Arquivo/Torre de Ressonância_canvas2doc-data/newdoc-node_17b3b7006d75421c_fromCanvas.md","md-embed"
"Arquivo/Torre de Ressonância_fromCanvas.md","Arquivo/Mycofi.jpeg","md-embed"
"Arquivo/Torre de Ressonância_fromCanvas.md","Arquivo/Nature Algorithms.png","md-embed"
"Arquivo/Torre de Ressonância_fromCanvas.md","Arquivo/Torre de Ressonância_canvas2doc-data/newdoc-node_d9e47829ee8d0dd1_fromCanvas.md","md-embed"
"Arquivo/Torre de Ressonância_fromCanvas.md","Arquivo/How eletrocic minds remmeber.png","md-embed"
"Arquivo/Torre de Ressonância_fromCanvas.md","Arquivo/Mercury Delay Line Memory.canvas","md-embed"
"Arquivo/Torre de Ressonância_fromCanvas.md","Sonosfera/Holistic Human Sound Exposure.png","md-embed"
"Arquivo/Torre de Ressonância_fromCanvas.md","Arquivo/Relation between Noise Pollution and Life Satisfaction.pdf","md-embed"
"Arquivo/Torre de Ressonância_fromCanvas.md","Arquivo/Environmental noise exposure and health outcomes.pdf","md-embed"
"Arquivo/Torre de Ressonância_fromCanvas.md","Arquivo/Torre de Ressonância_canvas2doc-data/newdoc-node_59b99365d303a932_fromCanvas.md","md-embed"
"Arquivo/Torre de Ressonância_fromCanvas.md","Arquivo/Torre de Ressonância_canvas2doc-data/newdoc-node_84ae0fc16730d562_fromCanvas.md","md-embed"
"Arquivo/Torre de Ressonância_fromCanvas.md","Arquivo/IMT Preview (1).mp4","md-embed"
"Arquivo/Torre de Ressonância_fromCanvas.md","Arquivo/Torre de Ressonância_canvas2doc-data/newdoc-node_b13e432c9e8b362b_fromCanvas.md","md-embed"
"Arquivo/Torre de Ressonância_fromCanvas.md","Arquivo/Torre de Ressonância_canvas2doc-data/newdoc-node_d470f0e0c2e00d11_fromCanvas.md","md-embed"
"Arquivo/Torre de Ressonância_fromCanvas.md","Arquivo/IMT.png","md-embed"
"Arquivo/Torre de Ressonância_fromCanvas.md","Arquivo/ipê villagers.jpg","md-embed"
"Arquivo/Torre de Ressonância_fromCanvas.md","Arquivo/Torre de Ressonância_canvas2doc-data/newdoc-node_53c84889b17e920c_fromCanvas.md","md-embed"
"Arquivo/Torre de Ressonância_fromCanvas.md","Arquivo/Torre de Ressonância_canvas2doc-data/newdoc-node_33fc1f4a1b271607_fromCanvas.md","md-embed"
"Arquivo/Torre de Ressonância_fromCanvas.md","Arquivo/Torre de Ressonância_canvas2doc-data/newdoc-node_436917f832784696_fromCanvas.md","md-embed"
"Arquivo/Torre de Ressonância_fromCanvas.md","Arquivo/Torre de Ressonância_canvas2doc-data/newdoc-node_3f352b375d41a5d6_fromCanvas.md","md-embed"
"Arquivo/Torre de Ressonância_fromCanvas.md","Arquivo/Torre de Ressonância_canvas2doc-data/newdoc-node_85ab32c64bc3ab72_fromCanvas.md","md-embed"
"Arquivo/Torre de Ressonância_fromCanvas.md","Arquivo/Torre de Ressonância_canvas2doc-data/newdoc-node_3e4290a0a695632e_fromCanvas.md","md-embed"
"Arquivo/Torre de Ressonância_fromCanvas.md","Arquivo/Torre de Ressonância_canvas2doc-data/newdoc-node_dcccc28eb44c3c11_fromCanvas.md","md-embed"
"Arquivo/Torre de Ressonância_fromCanvas.md","Arquivo/Torre de Ressonância_canvas2doc-data/newdoc-node_b2bca9b3e7067d05_fromCanvas.md","md-embed"
"Arquivo/Torre de Ressonância_fromCanvas.md","Arquivo/Torre de Ressonância_canvas2doc-data/newdoc-node_184a97174ecb51fc_fromCanvas.md","md-embed"
"Arquivo/Torre de Ressonância_fromCanvas.md","Arquivo/LinkedIn Logo.png","md-embed"
"Arquivo/Torre de Ressonância_fromCanvas.md","Arquivo/Torre de Ressonância_canvas2doc-data/newdoc-node_ea2083963ea89e6b_fromCanvas.md","md-embed"
"Arquivo/Torre de Ressonância_fromCanvas.md","Arquivo/O Louco Agente.png","md-embed"
"Arquivo/Torre de Ressonância_fromCanvas.md","Arquivo/Torre de Ressonância_canvas2doc-data/newdoc-node_3845514b8e8cde11_fromCanvas.md","md-embed"
"GTA VII/Ipe Village/Acoustical Governance.canvas","Arquivo/DAO - Acoustical Governance.png","asset"
"GTA VII/Ipe Village/Acoustical Governance.canvas","Sonosfera/Portfolio/Low-cost sound level meter based on a digital microphone for room acoustics applications.pdf","asset"
"GTA VII/Ipe Village/Acoustical Governance.canvas","Arquivo/Low-cost Sound Level Meter.png","asset"
"GTA VII/Ipe Village/Acoustical Governance.canvas","Arquivo/Sonosfera Overview 1.png","asset"
"GTA VII/Ipe Village/Acoustical Governance.canvas","Arquivo/Acoustical Engineering  1.png","asset"
"seed-or-ref","Arquivo/Unconference Day.canvas","canvas"
"Arquivo/Unconference Day.canvas","Arquivo/Hello World.wav","asset"
"Arquivo/Unconference Day.canvas","Arquivo/Ipê Poster.png","asset"
"seed-or-ref","Arquivo/ágora - old.canvas","canvas"
"Arquivo/ágora - old.canvas","GTA VII/Ipe Village/Rafa Castaneda.md","asset"
"Arquivo/ágora - old.canvas","GTA VII/Ipe Village/Erick A. Brimen.md","asset"
"Arquivo/ágora - old.canvas","GTA VII/Ipe Village/Niklas Anzinger.md","asset"
"Arquivo/ágora - old.canvas","GTA VII/Ipe Village/Michel Bauwens.md","asset"
"Arquivo/ágora - old.canvas","Arquivo/Clippings/The Network School.md","asset"
"Arquivo/ágora - old.canvas","Arquivo/Clippings/Próspera.md","asset"
"Arquivo/ágora - old.canvas","GTA VII/Ipe Village/Balaji Srinivasan.md","asset"
"Arquivo/ágora - old.canvas","GTA VII/Ipe Village/Patri Friedman.md","asset"
"Arquivo/ágora - old.canvas","GTA VII/Ipe Village/Dr. Aubrey De Grey.md","asset"
"Arquivo/ágora - old.canvas","GTA VII/Ipe Village/Kelvin Steiner.md","asset"
"Arquivo/ágora - old.canvas","GTA VII/Ipe Village/LEV Foundation.md","asset"
"Arquivo/ágora - old.canvas","GTA VII/Ipe Village/Hugo Mathecowitsch.md","asset"
"Arquivo/ágora - old.canvas","Arquivo/Clippings/Tools for the commons.md","asset"
"Arquivo/ágora - old.canvas","GTA VII/Ipe Village/Jordan Hall.md","asset"
"Arquivo/ágora - old.canvas","GTA VII/Ipe Village/Magatte Wade.md","asset"
"Arquivo/ágora - old.canvas","GTA VII/Ipe Village/Dean Pappas.md","asset"
"Arquivo/ágora - old.canvas","Arquivo/Clippings/Realms Today.md","asset"
"Arquivo/ágora - old.canvas","Arquivo/Pronomos.md","asset"
"Arquivo/ágora - old.canvas","Arquivo/RAADcity features top global super longevity companies, clinics, research, products, and services.md","asset"
"seed-or-ref","Arquivo/Network State 101.canvas","canvas"
"Arquivo/Network State 101.canvas","Arquivo/Clippings/Manifesto  Logos Network.md","asset"
"Arquivo/Network State 101.canvas","Arquivo/Clippings/Praxis.md","asset"
"Arquivo/Network State 101.canvas","Arquivo/Praxis Architecture.png","asset"
"Arquivo/Network State 101.canvas","Arquivo/Clippings/Declaration of Ascent  MMXXIV.md","asset"
"Arquivo/Network State 101.canvas","Arquivo/Clippings/Master Plan.md","asset"
"Arquivo/Network State 101.canvas","Arquivo/Clippings/Transcript of Speech from the Praxis World Congress.md","asset"
"Arquivo/Network State 101.canvas","Arquivo/Clippings/Sovereign Intelligence.md","asset"
"Arquivo/Network State 101.canvas","Arquivo/Clippings/rns.id - Web 3.0 Digital ID.md","asset"
"Arquivo/Network State 101.canvas","Arquivo/Clippings/The story of Plumia.md","asset"
"Arquivo/Network State 101.canvas","Arquivo/Clippings/Network Dashboard.md","asset"
"Arquivo/Network State 101.canvas","Arquivo/Network State 101.pdf","asset"
"seed-or-ref","Arquivo/Penumbra Realizações/The Ipê VideoGame Experience.canvas","canvas"
"Arquivo/Penumbra Realizações/The Ipê VideoGame Experience.canvas","Arquivo/acoustics view.png","asset"
"Arquivo/Penumbra Realizações/The Ipê VideoGame Experience.canvas","Sonosfera/Parceria com Arquiteto Matheus/Comercial/comerc.jpg","asset"
"Arquivo/Penumbra Realizações/The Ipê VideoGame Experience.canvas","Sonosfera/Parceria com Arquiteto Matheus/Comercial/living3.png","asset"
"Arquivo/Penumbra Realizações/The Ipê VideoGame Experience.canvas","Arquivo/Cosmo Haus Upper View.png","asset"
"Arquivo/Penumbra Realizações/The Ipê VideoGame Experience.canvas","Arquivo/intrument_mesa.jpg","asset"
"Arquivo/Penumbra Realizações/The Ipê VideoGame Experience.canvas","Sonosfera/Material Marketing/LOGO - SONOSFERA - APROVADA/LOGO EM CORELDRAW VERSÃO 22 - Apenas Esfera Branca.png","asset"
"Arquivo/Penumbra Realizações/The Ipê VideoGame Experience.canvas","Arquivo/Penumbra Realizações/DracoLogos/Logomarca/Darcologos - photoshop project vetorized (1).png","asset"
"Arquivo/Penumbra Realizações/The Ipê VideoGame Experience.canvas","Sonosfera/Founder Haus - Auralization.mp4","asset"
"Arquivo/Penumbra Realizações/The Ipê VideoGame Experience.canvas","Arquivo/Penumbra Realizações/Founder Haus 3D.png","asset"
"Arquivo/Penumbra Realizações/The Ipê VideoGame Experience.canvas","Arquivo/Future Visions.png","asset"
"Arquivo/Penumbra Realizações/The Ipê VideoGame Experience.canvas","Arquivo/Holograma.png","asset"
